COD_MUN,NOM_MUNICI,COD_DEPTO,NOM_DEPART,STABBR
91530,PUERTO ALEGRÍA (Cor. Departamental),91,AMAZONAS,AMZ
91263,EL ENCANTO (Cor. Departamental),91,AMAZONAS,AMZ
91536,PUERTO ARICA (Cor. Departamental),91,AMAZONAS,AMZ
91798,TARAPACÁ (Cor. Departamental),91,AMAZONAS,AMZ
91001,LETICIA,91,AMAZONAS,AMZ
91540,PUERTO NARIÑO,91,AMAZONAS,AMZ
91460,MIRITÍ-PARANÁ (Campoamor) (Cor. Departamental),91,AMAZONAS,AMZ
91430,LA VICTORIA (Pacoa) (Cor. Departamental),91,AMAZONAS,AMZ
91405,LA CHORRERA (Cor. Departamental),91,AMAZONAS,AMZ
91669,SANTANDER (Araracuara) (Cor. Departamental),91,AMAZONAS,AMZ
91407,LA PEDRERA (Cor. Departamental),91,AMAZONAS,AMZ
95200,MIRAFLORES,95,GUAVIARE,GVR
95025,EL RETORNO,95,GUAVIARE,GVR
95015,CALAMAR,95,GUAVIARE,GVR
95001,SAN JOSÉ DEL GUAVIARE,95,GUAVIARE,GVR
97666,TARAIRA,97,VAUPES,VPS
97511,PACOA (Cor. Departamental),97,VAUPES,VPS
97161,CARURÚ,97,VAUPES,VPS
97777,PAPUNAUA (Cor. Departamental),97,VAUPES,VPS
97001,MITÚ,97,VAUPES,VPS
97889,YAVARATÉ (Cor. Departamental),97,VAUPES,VPS
94663,MAPIRIPANA (Cor. Departamental),94,GUAINIA,GNA
94343,BARRANCO MINA (Cor. Departamental),94,GUAINIA,GNA
94001,INIRIDA,94,GUAINIA,GNA
94886,CACAHUAL (Cor. Departamental),94,GUAINIA,GNA
94884,PUERTO COLOMBIA (Cor. Departamental),94,GUAINIA,GNA
94885,LA GUADALUPE (Cor. Departamental),94,GUAINIA,GNA
94888,MORICHAL (Morichal Nuevo) (Cor. Departamental),94,GUAINIA,GNA
94887,PANÁ PANÁ (Campo Alegre) (Cor. Departamental),94,GUAINIA,GNA
94883,SAN FELIPE (Cor. Departamental),94,GUAINIA,GNA
99624,SANTA ROSALÍA,99,VICHADA,VCD
99524,LA PRIMAVERA,99,VICHADA,VCD
99001,PUERTO CARREÑO,99,VICHADA,VCD
99773,CUMARIBO,99,VICHADA,VCD
50350,LA MACARENA,50,META,MTA
50325,MAPIRIPÁN,50,META,MTA
50568,PUERTO GAITÁN,50,META,MTA
85001,YOPAL,85,CASANARE,CSR
85225,NUNCHÍA,85,CASANARE,CSR
85263,PORE,85,CASANARE,CSR
85430,TRINIDAD,85,CASANARE,CSR
15223,CUBARÁ,15,BOYACÁ,BOY
85325,SAN LUIS DE PALENQUE,85,CASANARE,CSR
85139,MANÍ,85,CASANARE,CSR
85230,OROCUÉ,85,CASANARE,CSR
81794,TAME,81,ARAUCA,ARA
81736,SARAVENA,81,ARAUCA,ARA
81065,ARAUQUITA,81,ARAUCA,ARA
81591,PUERTO RONDÓN,81,ARAUCA,ARA
81001,ARAUCA,81,ARAUCA,ARA
81220,CRAVO NORTE,81,ARAUCA,ARA
54820,TOLEDO,54,NORTE DE SANTANDER,NSD
15332,GÜICÁN,15,BOYACÁ,BOY
19050,ARGELIA,19,CAUCA,CAU
19075,BALBOA,19,CAUCA,CAU
19532,PATÍA  (El Bordo),19,CAUCA,CAU
19450,MERCADERES,19,CAUCA,CAU
19100,BOLÍVAR,19,CAUCA,CAU
19290,FLORENCIA,19,CAUCA,CAU
19693,SAN SEBASTIÁN,19,CAUCA,CAU
19397,LA VEGA,19,CAUCA,CAU
19533,PIAMONTE,19,CAUCA,CAU
19785,SUCRE,19,CAUCA,CAU
19392,LA SIERRA,19,CAUCA,CAU
19622,ROSAS,19,CAUCA,CAU
19760,SOTARÁ (Paispamba),19,CAUCA,CAU
19585,PURACÉ (Coconuco),19,CAUCA,CAU
99999,ÁREA EN LITIGIO,999,NN,NN
52435,MALLAMA (Piedrancha),52,NARIÑO,NAR
52699,SANTA CRUZ (Guachavés),52,NARIÑO,NAR
52565,PROVIDENCIA,52,NARIÑO,NAR
52838,TÚQUERRES,52,NARIÑO,NAR
52720,SAPUYES,52,NARIÑO,NAR
52506,OSPINA,52,NARIÑO,NAR
52354,IMUÉS,52,NARIÑO,NAR
52320,GUAITARILLA,52,NARIÑO,NAR
52352,ILES,52,NARIÑO,NAR
52317,GUACHUCAL,52,NARIÑO,NAR
52022,ALDANA,52,NARIÑO,NAR
52585,PUPIALES,52,NARIÑO,NAR
52323,GUALMATÁN,52,NARIÑO,NAR
52560,POTOSÍ,52,NARIÑO,NAR
52215,CÓRDOBA,52,NARIÑO,NAR
52573,PUERRES,52,NARIÑO,NAR
52287,FUNES,52,NARIÑO,NAR
52788,TANGUA,52,NARIÑO,NAR
52885,YACUANQUER,52,NARIÑO,NAR
52001,PASTO,52,NARIÑO,NAR
52036,ANCUYA,52,NARIÑO,NAR
52678,SAMANIEGO,52,NARIÑO,NAR
52385,LA LLANADA,52,NARIÑO,NAR
52418,LOS ANDES (Sotomayor),52,NARIÑO,NAR
52254,EL PEÑOL,52,NARIÑO,NAR
52540,POLICARPA,52,NARIÑO,NAR
52256,EL ROSARIO,52,NARIÑO,NAR
52405,LEIVA,52,NARIÑO,NAR
52786,TAMINANGO,52,NARIÑO,NAR
52687,SAN LORENZO,52,NARIÑO,NAR
52051,ARBOLEDA (Berruecos),52,NARIÑO,NAR
52399,LA UNIÓN,52,NARIÑO,NAR
52694,SAN PEDRO DE CARTAGO (Cartago),52,NARIÑO,NAR
52203,COLÓN (Génova),52,NARIÑO,NAR
52693,SAN PABLO,52,NARIÑO,NAR
52378,LA CRUZ,52,NARIÑO,NAR
52083,BELÉN,52,NARIÑO,NAR
52685,SAN BERNARDO,52,NARIÑO,NAR
52019,ALBÁN (San José),52,NARIÑO,NAR
52110,BUESACO,52,NARIÑO,NAR
52240,CHACHAGÍ,52,NARIÑO,NAR
52480,NARIÑO,52,NARIÑO,NAR
52381,LA FLORIDA,52,NARIÑO,NAR
52260,EL TAMBO,52,NARIÑO,NAR
52411,LINARES,52,NARIÑO,NAR
52210,CONTADERO,52,NARIÑO,NAR
86749,SIBUNDOY,86,PUTUMAYO,PUT
86760,SANTIAGO,86,PUTUMAYO,PUT
86219,COLÓN,86,PUTUMAYO,PUT
86755,SAN FRANCISCO,86,PUTUMAYO,PUT
18610,SAN JOSÉ DEL FRAGUA,18,CAQUETÁ,CAQ
18205,CURILLO,18,CAQUETÁ,CAQ
18479,MORELIA,18,CAQUETÁ,CAQ
18460,MILÁN,18,CAQUETÁ,CAQ
41396,LA PLATA,41,HUILA,HUI
41013,AGRADO,41,HUILA,HUI
41298,GARZÓN,41,HUILA,HUI
41503,OPORAPA,41,HUILA,HUI
41807,TIMANÁ,41,HUILA,HUI
41668,SAN AGUSTÍN,41,HUILA,HUI
41530,PALESTINA,41,HUILA,HUI
41006,ACEVEDO,41,HUILA,HUI
41770,SUAZA,41,HUILA,HUI
41026,ALTAMIRA,41,HUILA,HUI
85400,TÁMARA,85,CASANARE,CSR
85315,SÁCAMA,85,CASANARE,CSR
85136,LA SALINA,85,CASANARE,CSR
85250,PAZ DE ARIPORO,85,CASANARE,CSR
85125,HATO COROZAL,85,CASANARE,CSR
81300,FORTUL,81,ARAUCA,ARA
19022,ALMAGUER,19,CAUCA,CAU
52427,MAGÜÍ (Payán),52,NARIÑO,NAR
52233,CUMBITARA,52,NARIÑO,NAR
41319,GUADALUPE,41,HUILA,HUI
19701,SANTA ROSA,19,CAUCA,CAU
52696,SANTA BÁRBARA (Iscuandé),52,NARIÑO,NAR
52250,EL CHARCO,52,NARIÑO,NAR
52490,OLAYA HERRERA (Bocas de Satinga),52,NARIÑO,NAR
52835,JURISDICCIÓN DE TUMACO,52,NARIÑO,NAR
52520,FRANCISCO PIZARRO (Salahonda),52,NARIÑO,NAR
52835,TUMACO,52,NARIÑO,NAR
52621,ROBERTO PAYÁN (San José),52,NARIÑO,NAR
52079,BARBACOAS,52,NARIÑO,NAR
52612,RICAURTE,52,NARIÑO,NAR
52227,CUMBAL,52,NARIÑO,NAR
52224,CUASPUD (Carlosama),52,NARIÑO,NAR
52356,IPIALES,52,NARIÑO,NAR
52207,CONSACÁ,52,NARIÑO,NAR
52683,SANDONÁ,52,NARIÑO,NAR
52258,EL TABLÓN,52,NARIÑO,NAR
86865,VALLE DEL GUAMUEZ (La Hormiga),86,PUTUMAYO,PUT
86757,SAN MIGUEL (La Dorada),86,PUTUMAYO,PUT
86320,ORITO,86,PUTUMAYO,PUT
86885,VILLAGARZÓN,86,PUTUMAYO,PUT
86001,MOCOA,86,PUTUMAYO,PUT
86568,PUERTO ASÍS,86,PUTUMAYO,PUT
86569,PUERTO CAICEDO,86,PUTUMAYO,PUT
86573,PUERTO LEGUÍZAMO,86,PUTUMAYO,PUT
86571,PUERTO GUZMÁN,86,PUTUMAYO,PUT
18029,ALBANIA,18,CAQUETÁ,CAQ
18860,VALPARAÍSO,18,CAQUETÁ,CAQ
18785,SOLITA,18,CAQUETÁ,CAQ
18094,BELÉN DE LOS ANDAQUÍES,18,CAQUETÁ,CAQ
18001,FLORENCIA,18,CAQUETÁ,CAQ
18410,MONTAÑITA,18,CAQUETÁ,CAQ
18256,EL PAUJIL,18,CAQUETÁ,CAQ
18247,EL DONCELLO,18,CAQUETÁ,CAQ
18592,PUERTO RICO,18,CAQUETÁ,CAQ
18753,SAN VICENTE DEL CAGUÁN,18,CAQUETÁ,CAQ
18150,CARTAGENA DEL CHAIRÁ,18,CAQUETÁ,CAQ
18756,SOLANO,18,CAQUETÁ,CAQ
41548,PITAL,41,HUILA,HUI
41791,TARQUI,41,HUILA,HUI
41378,LA ARGENTINA,41,HUILA,HUI
41660,SALADOBLANCO,41,HUILA,HUI
41244,ELÍAS,41,HUILA,HUI
41359,ISNOS,41,HUILA,HUI
41551,PITALITO,41,HUILA,HUI
50689,SAN MARTÍN,50,META,MTA
50226,CUMARAL,50,META,MTA
50110,BARRANCA DE UPÍA,50,META,MTA
50124,CABUYARO,50,META,MTA
50573,PUERTO LÓPEZ,50,META,MTA
50680,SAN CARLOS DE GUAROA,50,META,MTA
50577,PUERTO LLERAS,50,META,MTA
50590,PUERTO RICO,50,META,MTA
50450,PUERTO CONCORDIA,50,META,MTA
85440,VILLANUEVA,85,CASANARE,CSR
85300,SABANALARGA,85,CASANARE,CSR
85162,MONTERREY,85,CASANARE,CSR
85410,TAURAMENA,85,CASANARE,CSR
85279,RECETOR,85,CASANARE,CSR
85010,AGUAZUL,85,CASANARE,CSR
54245,EL CARMEN,54,NORTE DE SANTANDER,NSD
54206,CONVENCIÓN,54,NORTE DE SANTANDER,NSD
54800,TEORAMA,54,NORTE DE SANTANDER,NSD
54810,TIBÚ,54,NORTE DE SANTANDER,NSD
54720,SARDINATA,54,NORTE DE SANTANDER,NSD
54553,PUERTO SANTANDER,54,NORTE DE SANTANDER,NSD
54001,CÚCUTA,54,NORTE DE SANTANDER,NSD
54261,EL ZULIA,54,NORTE DE SANTANDER,NSD
54418,LOURDES,54,NORTE DE SANTANDER,NSD
54313,GRAMALOTE,54,NORTE DE SANTANDER,NSD
54109,BUCARASICA,54,NORTE DE SANTANDER,NSD
54871,VILLA CARO,54,NORTE DE SANTANDER,NSD
54498,OCAÑA,54,NORTE DE SANTANDER,NSD
54398,LA PLAYA,54,NORTE DE SANTANDER,NSD
54670,SAN CALIXTO,54,NORTE DE SANTANDER,NSD
54128,CÁCHIRA,54,NORTE DE SANTANDER,NSD
54680,SANTIAGO,54,NORTE DE SANTANDER,NSD
54874,VILLA DEL ROSARIO,54,NORTE DE SANTANDER,NSD
54599,RAGONVALIA,54,NORTE DE SANTANDER,NSD
54347,HERRÁN,54,NORTE DE SANTANDER,NSD
68255,EL PLAYÓN,68,SANTANDER,SAN
68780,SURATÁ,68,SANTANDER,SAN
68432,MÁLAGA,68,SANTANDER,SAN
68266,ENCISO,68,SANTANDER,SAN
68468,MOLAGAVITA,68,SANTANDER,SAN
68684,SAN JOSÉ DE MIRANDA,68,SANTANDER,SAN
68498,OCAMONTE,68,SANTANDER,SAN
68533,PÁRAMO,68,SANTANDER,SAN
68855,VALLE DE SAN JOSÉ,68,SANTANDER,SAN
68679,SAN GIL,68,SANTANDER,SAN
68051,ARATOCA,68,SANTANDER,SAN
68370,JORDÁN,68,SANTANDER,SAN
68895,ZAPATOCA,68,SANTANDER,SAN
68770,SUAITA,68,SANTANDER,SAN
68500,OIBA,68,SANTANDER,SAN
68524,PALMAS DEL SOCORRO,68,SANTANDER,SAN
68872,VILLANUEVA,68,SANTANDER,SAN
68298,GÁMBITA,68,SANTANDER,SAN
68264,ENCINO,68,SANTANDER,SAN
68167,CHARALÁ,68,SANTANDER,SAN
15244,EL COCUY,15,BOYACÁ,BOY
15673,SAN MATEO,15,BOYACÁ,BOY
15097,BOAVITA,15,BOYACÁ,BOY
15403,LA UVITA,15,BOYACÁ,BOY
15183,CHITA,15,BOYACÁ,BOY
15774,SUSACÓN,15,BOYACÁ,BOY
15720,SATIVANORTE,15,BOYACÁ,BOY
15368,JERICÓ,15,BOYACÁ,BOY
15755,SOCOTÁ,15,BOYACÁ,BOY
15757,SOCHA,15,BOYACÁ,BOY
15533,PAYA,15,BOYACÁ,BOY
15550,PISVA,15,BOYACÁ,BOY
15377,LABRANZAGRANDE,15,BOYACÁ,BOY
15518,PAJARITO,15,BOYACÁ,BOY
15047,AQUITANIA,15,BOYACÁ,BOY
15362,IZA,15,BOYACÁ,BOY
15759,SOGAMOSO,15,BOYACÁ,BOY
15464,MONGUA,15,BOYACÁ,BOY
15296,GÁMEZA,15,BOYACÁ,BOY
15215,CORRALES,15,BOYACÁ,BOY
15114,BUSBANZÁ,15,BOYACÁ,BOY
15693,SANTA ROSA DE VITERBO,15,BOYACÁ,BOY
15790,TASCO,15,BOYACÁ,BOY
15092,BETÉITIVA,15,BOYACÁ,BOY
15087,BELÉN,15,BOYACÁ,BOY
15537,PAZ DE RIO,15,BOYACÁ,BOY
15238,DUITAMA,15,BOYACÁ,BOY
15806,TIBASOSA,15,BOYACÁ,BOY
15516,PAIPA,15,BOYACÁ,BOY
15763,SOTAQUIRÁ,15,BOYACÁ,BOY
15837,TUTA,15,BOYACÁ,BOY
15204,CÓMBITA,15,BOYACÁ,BOY
15090,BERBEO,15,BOYACÁ,BOY
15660,SAN EDUARDO,15,BOYACÁ,BOY
15455,MIRAFLORES,15,BOYACÁ,BOY
15514,PÁEZ,15,BOYACÁ,BOY
15135,CAMPOHERMOSO,15,BOYACÁ,BOY
15667,SAN LUIS DE GACENO,15,BOYACÁ,BOY
15690,SANTA MARÍA,15,BOYACÁ,BOY
15236,CHIVOR,15,BOYACÁ,BOY
15299,GARAGOA,15,BOYACÁ,BOY
50606,RESTREPO,50,META,MTA
85015,CHÁMEZA,85,CASANARE,CSR
54673,SAN CAYETANO,54,NORTE DE SANTANDER,NSD
54172,CHINÁCOTA,54,NORTE DE SANTANDER,NSD
54223,CUCUTILLA,54,NORTE DE SANTANDER,NSD
54520,PAMPLONITA,54,NORTE DE SANTANDER,NSD
54480,MUTISCUA,54,NORTE DE SANTANDER,NSD
54377,LABATECA,54,NORTE DE SANTANDER,NSD
54405,LOS PATIOS,54,NORTE DE SANTANDER,NSD
68444,MATANZA,68,SANTANDER,SAN
68867,VETAS,68,SANTANDER,SAN
68169,CHARTA,68,SANTANDER,SAN
68820,TONA,68,SANTANDER,SAN
68001,BUCARAMANGA,68,SANTANDER,SAN
68276,FLORIDABLANCA,68,SANTANDER,SAN
68547,PIEDECUESTA,68,SANTANDER,SAN
68318,GUACA,68,SANTANDER,SAN
68669,SAN ANDRÉS,68,SANTANDER,SAN
68162,CERRITO,68,SANTANDER,SAN
68207,CONCEPCIÓN,68,SANTANDER,SAN
68464,MOGOTES,68,SANTANDER,SAN
68209,CONFINES,68,SANTANDER,SAN
68755,SOCORRO,68,SANTANDER,SAN
68549,PINCHOTE,68,SANTANDER,SAN
68229,CURITÍ,68,SANTANDER,SAN
68160,CEPITÁ,68,SANTANDER,SAN
68307,GIRÓN,68,SANTANDER,SAN
68322,GUAPOTÁ,68,SANTANDER,SAN
68344,HATO,68,SANTANDER,SAN
68522,PALMAR,68,SANTANDER,SAN
68121,CABRERA,68,SANTANDER,SAN
68079,BARICHARA,68,SANTANDER,SAN
68296,GALÁN,68,SANTANDER,SAN
15522,PANQUEBA,15,BOYACÁ,BOY
15317,GUACAMAYAS,15,BOYACÁ,BOY
15723,SATIVASUR,15,BOYACÁ,BOY
15822,TOTA,15,BOYACÁ,BOY
15542,PESCA,15,BOYACÁ,BOY
15226,CUÍTIVA,15,BOYACÁ,BOY
15272,FIRAVITOBA,15,BOYACÁ,BOY
15491,NOBSA,15,BOYACÁ,BOY
15466,MONGUÍ,15,BOYACÁ,BOY
15820,TÓPAGA,15,BOYACÁ,BOY
15276,FLORESTA,15,BOYACÁ,BOY
15839,TUTAZÁ,15,BOYACÁ,BOY
15162,CERINZA,15,BOYACÁ,BOY
15599,RAMIRIQUÍ,15,BOYACÁ,BOY
15897,ZETAQUIRA,15,BOYACÁ,BOY
25839,JURISDICCIÓN DE UBALÁ,25,CUNDINAMARCA,CUN
15425,MACANAL,15,BOYACÁ,BOY
15172,CHINAVITA,15,BOYACÁ,BOY
25530,PARATEBUENO,25,CUNDINAMARCA,CUN
54250,EL TARRA,54,NORTE DE SANTANDER,NSD
54003,ÁBREGO,54,NORTE DE SANTANDER,NSD
54344,HACARÍ,54,NORTE DE SANTANDER,NSD
54660,SALAZAR,54,NORTE DE SANTANDER,NSD
54239,DURANIA,54,NORTE DE SANTANDER,NSD
54051,ARBOLEDAS,54,NORTE DE SANTANDER,NSD
54099,BOCHALEMA,54,NORTE DE SANTANDER,NSD
54518,PAMPLONA,54,NORTE DE SANTANDER,NSD
54125,CÁCOTA,54,NORTE DE SANTANDER,NSD
54743,SILOS,54,NORTE DE SANTANDER,NSD
54174,CHITAGÁ,54,NORTE DE SANTANDER,NSD
68132,CALIFORNIA,68,SANTANDER,SAN
68705,SANTA BÁRBARA,68,SANTANDER,SAN
68152,CARCASÍ,68,SANTANDER,SAN
68147,CAPITANEJO,68,SANTANDER,SAN
68425,MACARAVITA,68,SANTANDER,SAN
68686,SAN MIGUEL,68,SANTANDER,SAN
68502,ONZAGA,68,SANTANDER,SAN
68682,SAN JOAQUÍN,68,SANTANDER,SAN
68217,COROMORO,68,SANTANDER,SAN
68418,LOS SANTOS,68,SANTANDER,SAN
68406,LEBRIJA,68,SANTANDER,SAN
15180,CHISCAS,15,BOYACÁ,BOY
15248,EL ESPINO,15,BOYACÁ,BOY
15218,COVARACHÍA,15,BOYACÁ,BOY
15810,TIPACOQUE,15,BOYACÁ,BOY
15753,SOATÁ,15,BOYACÁ,BOY
15500,OICATÁ,15,BOYACÁ,BOY
15001,TUNJA,15,BOYACÁ,BOY
15187,CHIVATÁ,15,BOYACÁ,BOY
15814,TOCA,15,BOYACÁ,BOY
15740,SIACHOQUE,15,BOYACÁ,BOY
15764,SORACÁ,15,BOYACÁ,BOY
15879,VIRACACHÁ,15,BOYACÁ,BOY
15189,CIÉNEGA,15,BOYACÁ,BOY
15367,JENESANO,15,BOYACÁ,BOY
15621,RONDÓN,15,BOYACÁ,BOY
15476,MOTAVITA,15,BOYACÁ,BOY
13074,BARRANCO DE LOBA,13,BOLÍVAR,BOL
13600,RIOVIEJO,13,BOLÍVAR,BOL
13473,MORALES,13,BOLÍVAR,BOL
13688,SANTA ROSA DEL SUR,13,BOLÍVAR,BOL
13160,CANTAGALLO,13,BOLÍVAR,BOL
13030,ALTOS DEL ROSARIO,13,BOLÍVAR,BOL
13810,TIQUISIO (Puerto Rico),13,BOLÍVAR,BOL
50330,MESETAS,50,META,MTA
50683,SAN JUAN DE ARAMA,50,META,MTA
50287,FUENTE DE ORO,50,META,MTA
50313,GRANADA,50,META,MTA
50223,CUBARRAL,50,META,MTA
50150,CASTILLA LA NUEVA,50,META,MTA
50001,VILLAVICENCIO,50,META,MTA
50711,VISTAHERMOSA,50,META,MTA
20310,GONZÁLEZ,20,CESAR,CES
54385,LA ESPERANZA,54,NORTE DE SANTANDER,NSD
68575,PUERTO WILCHES,68,SANTANDER,SAN
68655,SABANA DE TORRES,68,SANTANDER,SAN
68615,RIONEGRO,68,SANTANDER,SAN
68081,BARRANCABERMEJA,68,SANTANDER,SAN
68190,CIMITARRA,68,SANTANDER,SAN
68101,BOLÍVAR,68,SANTANDER,SAN
68250,EL PEÑÓN,68,SANTANDER,SAN
68385,LANDÁZURI,68,SANTANDER,SAN
68377,LA BELLEZA,68,SANTANDER,SAN
68271,FLORIÁN,68,SANTANDER,SAN
68020,ALBANIA,68,SANTANDER,SAN
68368,JESÚS MARÍA,68,SANTANDER,SAN
68773,SUCRE,68,SANTANDER,SAN
68324,GUAVATÁ,68,SANTANDER,SAN
68861,VÉLEZ,68,SANTANDER,SAN
68327,GÜEPSA,68,SANTANDER,SAN
68013,AGUADA,68,SANTANDER,SAN
68397,LA PAZ,68,SANTANDER,SAN
68673,SAN BENITO,68,SANTANDER,SAN
68245,EL GUACAMAYO,68,SANTANDER,SAN
68320,GUADALUPE,68,SANTANDER,SAN
68211,CONTRATACIÓN,68,SANTANDER,SAN
68720,SANTA HELENA DEL OPÓN,68,SANTANDER,SAN
68176,CHIMA,68,SANTANDER,SAN
68572,PUENTE NACIONAL,68,SANTANDER,SAN
68077,BARBOSA,68,SANTANDER,SAN
15494,NUEVO COLÓN,15,BOYACÁ,BOY
15325,GUAYATÁ,15,BOYACÁ,BOY
15322,GUATEQUE,15,BOYACÁ,BOY
15778,SUTATENZA,15,BOYACÁ,BOY
15380,LA CAPILLA,15,BOYACÁ,BOY
15511,PACHAVITA,15,BOYACÁ,BOY
15842,ÚMBITA,15,BOYACÁ,BOY
15835,TURMEQUÉ,15,BOYACÁ,BOY
15861,VENTAQUEMADA,15,BOYACÁ,BOY
15646,SAMACÁ,15,BOYACÁ,BOY
15407,VILLA DE LEIVA,15,BOYACÁ,BOY
15676,SAN MIGUEL DE SEMA,15,BOYACÁ,BOY
15600,RÁQUIRA,15,BOYACÁ,BOY
15638,SÁCHICA,15,BOYACÁ,BOY
15808,TINJACÁ,15,BOYACÁ,BOY
15776,SUTAMARCHÁN,15,BOYACÁ,BOY
15176,CHIQUINQUIRÁ,15,BOYACÁ,BOY
15051,ARCABUCO,15,BOYACÁ,BOY
15696,SANTA SOFÍA,15,BOYACÁ,BOY
15469,MONIQUIRÁ,15,BOYACÁ,BOY
15816,TOGÜÍ,15,BOYACÁ,BOY
15664,SAN JOSÉ DE PARE,15,BOYACÁ,BOY
15832,TUNUNGUÁ,15,BOYACÁ,BOY
15106,BRICEÑO,15,BOYACÁ,BOY
15531,PAUNA,15,BOYACÁ,BOY
15131,CALDAS,15,BOYACÁ,BOY
15109,BUENAVISTA,15,BOYACÁ,BOY
15442,MARIPÍ,15,BOYACÁ,BOY
15507,OTANCHE,15,BOYACÁ,BOY
25258,EL PEÑÓN,25,CUNDINAMARCA,CUN
25535,PASCA,25,CUNDINAMARCA,CUN
25339,GUTIÉRREZ,25,CUNDINAMARCA,CUN
25151,CÁQUEZA,25,CUNDINAMARCA,CUN
25845,UNE,25,CUNDINAMARCA,CUN
25594,QUETAME,25,CUNDINAMARCA,CUN
25279,FÓMEQUE,25,CUNDINAMARCA,CUN
25181,CHOACHÍ,25,CUNDINAMARCA,CUN
11001,"BOGOTÁ, D.C.",11,SATA FE DE BOGOTÁ D.C.,BOG
25754,SOACHA,25,CUNDINAMARCA,CUN
25473,MOSQUERA,25,CUNDINAMARCA,CUN
25430,MADRID,25,CUNDINAMARCA,CUN
25286,FUNZA,25,CUNDINAMARCA,CUN
25260,EL ROSAL,25,CUNDINAMARCA,CUN
25214,COTA,25,CUNDINAMARCA,CUN
25769,SUBACHOQUE,25,CUNDINAMARCA,CUN
25785,TABIO,25,CUNDINAMARCA,CUN
25175,CHÍA,25,CUNDINAMARCA,CUN
25126,CAJICÁ,25,CUNDINAMARCA,CUN
25402,LA VEGA,25,CUNDINAMARCA,CUN
25658,SAN FRANCISCO,25,CUNDINAMARCA,CUN
25777,SUPATÁ,25,CUNDINAMARCA,CUN
25377,LA CALERA,25,CUNDINAMARCA,CUN
25322,GUASCA,25,CUNDINAMARCA,CUN
25758,SOPÓ,25,CUNDINAMARCA,CUN
25326,GUATAVITA,25,CUNDINAMARCA,CUN
25486,NEMOCÓN,25,CUNDINAMARCA,CUN
25772,SUESCA,25,CUNDINAMARCA,CUN
25793,TAUSA,25,CUNDINAMARCA,CUN
25843,UBATÉ,25,CUNDINAMARCA,CUN
25372,JUNÍN,25,CUNDINAMARCA,CUN
25297,GACHETÁ,25,CUNDINAMARCA,CUN
25299,GAMA,25,CUNDINAMARCA,CUN
25839,UBALÁ,25,CUNDINAMARCA,CUN
25436,MANTA,25,CUNDINAMARCA,CUN
25807,TIBIRITA,25,CUNDINAMARCA,CUN
25426,MACHETÁ,25,CUNDINAMARCA,CUN
25407,LENGUAZAQUE,25,CUNDINAMARCA,CUN
25317,GUACHETÁ,25,CUNDINAMARCA,CUN
25154,CARMEN DE CARUPA,25,CUNDINAMARCA,CUN
25745,SIMIJACA,25,CUNDINAMARCA,CUN
25871,VILLAGÓMEZ,25,CUNDINAMARCA,CUN
25513,PACHO,25,CUNDINAMARCA,CUN
13490,NOROSI,13,BOLÍVAR,BOL
5893,YONDÓ (Casabe),05,ANTIOQUIA,ANT
13667,SAN MARTÍN DE LOBA,13,BOLÍVAR,BOL
13268,EL PEÑÓN,13,BOLÍVAR,BOL
13580,REGIDOR,13,BOLÍVAR,BOL
13042,ARENAL,13,BOLÍVAR,BOL
13744,SIMITÍ,13,BOLÍVAR,BOL
13670,SAN PABLO,13,BOLÍVAR,BOL
50400,LEJANÍAS,50,META,MTA
50318,GUAMAL,50,META,MTA
50006,ACACÍAS,50,META,MTA
50686,SAN JUANITO,50,META,MTA
50251,EL CASTILLO,50,META,MTA
50270,EL DORADO,50,META,MTA
20787,TAMALAMEQUE,20,CESAR,CES
20383,LA GLORIA,20,CESAR,CES
20011,AGUACHICA,20,CESAR,CES
20614,RÍO DE ORO,20,CESAR,CES
20770,SAN MARTÍN,20,CESAR,CES
68689,SAN VICENTE DE CHUCURÍ,68,SANTANDER,SAN
68573,PUERTO PARRA,68,SANTANDER,SAN
68745,SIMACOTA,68,SANTANDER,SAN
68235,EL CARMEN,68,SANTANDER,SAN
15804,TIBANÁ,15,BOYACÁ,BOY
15022,ALMEIDA,15,BOYACÁ,BOY
15761,SOMONDOCO,15,BOYACÁ,BOY
15232,CHÍQUIZA,15,BOYACÁ,BOY
15686,SANTANA,15,BOYACÁ,BOY
25823,TOPAIPÍ,25,CUNDINAMARCA,CUN
25862,VERGARA,25,CUNDINAMARCA,CUN
25178,CHIPAQUE,25,CUNDINAMARCA,CUN
25740,SIBATÉ,25,CUNDINAMARCA,CUN
25335,GUAYABETAL,25,CUNDINAMARCA,CUN
25099,BOJACÁ,25,CUNDINAMARCA,CUN
25799,TENJO,25,CUNDINAMARCA,CUN
25899,ZIPAQUIRÁ,25,CUNDINAMARCA,CUN
25736,SESQUILÉ,25,CUNDINAMARCA,CUN
25293,GACHALÁ,25,CUNDINAMARCA,CUN
25438,MEDINA,25,CUNDINAMARCA,CUN
25183,CHOCONTÁ,25,CUNDINAMARCA,CUN
25518,PAIME,25,CUNDINAMARCA,CUN
25653,SAN CAYETANO,25,CUNDINAMARCA,CUN
50245,EL CALVARIO,50,META,MTA
20550,PELAYA,20,CESAR,CES
20295,GAMARRA,20,CESAR,CES
54498,JURISDICCIÓN DE OCAÑA,54,NORTE DE SANTANDER,NSD
20710,SAN ALBERTO,20,CESAR,CES
68092,BETULIA,68,SANTANDER,SAN
68179,CHIPATÁ,68,SANTANDER,SAN
15104,BOYACÁ,15,BOYACÁ,BOY
15798,TENZA,15,BOYACÁ,BOY
15224,CUCAITA,15,BOYACÁ,BOY
15762,SORA,15,BOYACÁ,BOY
15632,SABOYÁ,15,BOYACÁ,BOY
15293,GACHANTIVÁ,15,BOYACÁ,BOY
15185,CHITARAQUE,15,BOYACÁ,BOY
15681,SAN PABLO DE BORBUR,15,BOYACÁ,BOY
15212,COPER,15,BOYACÁ,BOY
15480,MUZO,15,BOYACÁ,BOY
15580,QUÍPAMA,15,BOYACÁ,BOY
15401,LA VICTORIA,15,BOYACÁ,BOY
25281,FOSCA,25,CUNDINAMARCA,CUN
25841,UBAQUE,25,CUNDINAMARCA,CUN
25817,TOCANCIPÁ,25,CUNDINAMARCA,CUN
25295,GACHANCIPÁ,25,CUNDINAMARCA,CUN
25200,COGUA,25,CUNDINAMARCA,CUN
25781,SUTATAUSA,25,CUNDINAMARCA,CUN
25873,VILLAPINZÓN,25,CUNDINAMARCA,CUN
25224,CUCUNUBÁ,25,CUNDINAMARCA,CUN
25288,FÚQUENE,25,CUNDINAMARCA,CUN
25779,SUSA,25,CUNDINAMARCA,CUN
23570,PUEBLO NUEVO,23,CÓRDOBA,COR
23068,AYAPEL,23,CÓRDOBA,COR
70771,SUCRE,70,SUCRE,SUC
70429,MAJAGUAL,70,SUCRE,SUC
13549,PINILLOS,13,BOLÍVAR,BOL
13006,ACHÍ,13,BOLÍVAR,BOL
50370,URIBE,50,META,MTA
15572,PUERTO BOYACÁ,15,BOYACÁ,BOY
25572,PUERTO SALGAR,25,CUNDINAMARCA,CUN
25148,CAPARRAPÍ,25,CUNDINAMARCA,CUN
25851,ÚTICA,25,CUNDINAMARCA,CUN
25489,NIMAIMA,25,CUNDINAMARCA,CUN
25592,QUEBRADANEGRA,25,CUNDINAMARCA,CUN
25875,VILLETA,25,CUNDINAMARCA,CUN
25320,GUADUAS,25,CUNDINAMARCA,CUN
25662,SAN JUAN DE RIOSECO,25,CUNDINAMARCA,CUN
25805,TIBACUY,25,CUNDINAMARCA,CUN
25290,FUSAGASUGÁ,25,CUNDINAMARCA,CUN
25053,ARBELÁEZ,25,CUNDINAMARCA,CUN
25649,SAN BERNARDO,25,CUNDINAMARCA,CUN
25120,CABRERA,25,CUNDINAMARCA,CUN
25245,EL COLEGIO,25,CUNDINAMARCA,CUN
25035,ANAPOIMA,25,CUNDINAMARCA,CUN
25123,CACHIPAY,25,CUNDINAMARCA,CUN
25596,QUIPILE,25,CUNDINAMARCA,CUN
25269,FACATATIVÁ,25,CUNDINAMARCA,CUN
25718,SASAIMA,25,CUNDINAMARCA,CUN
41016,AIPE,41,HUILA,HUI
41001,NEIVA,41,HUILA,HUI
41132,CAMPOALEGRE,41,HUILA,HUI
41872,VILLAVIEJA,41,HUILA,HUI
73520,PALOCABILDO,73,TOLIMA,TOL
73443,MARIQUITA,73,TOLIMA,TOL
73283,FRESNO,73,TOLIMA,TOL
73347,HERVEO,73,TOLIMA,TOL
73152,CASABIANCA,73,TOLIMA,TOL
73870,VILLAHERMOSA,73,TOLIMA,TOL
73411,LÍBANO,73,TOLIMA,TOL
73461,MURILLO,73,TOLIMA,TOL
73043,ANZOÁTEGUI,73,TOLIMA,TOL
73861,VENADILLO,73,TOLIMA,TOL
73408,LÉRIDA,73,TOLIMA,TOL
73026,ALVARADO,73,TOLIMA,TOL
73217,COYAIMA,73,TOLIMA,TOL
73671,SALDAÑA,73,TOLIMA,TOL
73854,VALLE DE SAN JUAN,73,TOLIMA,TOL
73873,VILLARRICA,73,TOLIMA,TOL
73275,FLANDES,73,TOLIMA,TOL
73200,COELLO,73,TOLIMA,TOL
73030,AMBALEMA,73,TOLIMA,TOL
73352,ICONONZO,73,TOLIMA,TOL
73547,PIEDRAS,73,TOLIMA,TOL
73226,CUNDAY,73,TOLIMA,TOL
17653,SALAMINA,17,CALDAS,CLD
17513,PÁCORA,17,CALDAS,CLD
17013,AGUADAS,17,CALDAS,CLD
17541,PENSILVANIA,17,CALDAS,CLD
17662,SAMANÁ,17,CALDAS,CLD
17495,NORCASIA,17,CALDAS,CLD
17050,ARANZAZU,17,CALDAS,CLD
5002,ABEJORRAL,05,ANTIOQUIA,ANT
5756,SONSÓN,05,ANTIOQUIA,ANT
5483,NARIÑO,05,ANTIOQUIA,ANT
5055,ARGELIA,05,ANTIOQUIA,ANT
5585,PUERTO NARE,05,ANTIOQUIA,ANT
5649,SAN CARLOS,05,ANTIOQUIA,ANT
5667,SAN RAFAEL,05,ANTIOQUIA,ANT
5197,COCORNÁ,05,ANTIOQUIA,ANT
5697,SANTUARIO,05,ANTIOQUIA,ANT
5376,LA CEJA,05,ANTIOQUIA,ANT
5400,LA UNION,05,ANTIOQUIA,ANT
5670,SAN ROQUE,05,ANTIOQUIA,ANT
5021,ALEJANDRÍA,05,ANTIOQUIA,ANT
5579,PUERTO BERRÍO,05,ANTIOQUIA,ANT
5425,MACEO,05,ANTIOQUIA,ANT
5885,YALÍ,05,ANTIOQUIA,ANT
5890,YOLOMBÓ,05,ANTIOQUIA,ANT
5190,CISNEROS,05,ANTIOQUIA,ANT
5690,SANTO DOMINGO,05,ANTIOQUIA,ANT
5079,BARBOSA,05,ANTIOQUIA,ANT
5237,DON MATÍAS,05,ANTIOQUIA,ANT
5308,GIRARDOTA,05,ANTIOQUIA,ANT
5318,GUARNE,05,ANTIOQUIA,ANT
5686,SANTA ROSA DE OSOS,05,ANTIOQUIA,ANT
5310,GÓMEZ PLATA,05,ANTIOQUIA,ANT
5150,CAROLINA,05,ANTIOQUIA,ANT
5031,AMALFI,05,ANTIOQUIA,ANT
5858,VEGACHÍ,05,ANTIOQUIA,ANT
5604,REMEDIOS,05,ANTIOQUIA,ANT
5736,SEGOVIA,05,ANTIOQUIA,ANT
5040,ANORÍ,05,ANTIOQUIA,ANT
5134,CAMPAMENTO,05,ANTIOQUIA,ANT
5854,VALDIVIA,05,ANTIOQUIA,ANT
5895,ZARAGOZA,05,ANTIOQUIA,ANT
5250,EL BAGRE,05,ANTIOQUIA,ANT
5495,NECHÍ,05,ANTIOQUIA,ANT
5315,GUADALUPE,05,ANTIOQUIA,ANT
23660,SAHAGÚN,23,CÓRDOBA,COR
23079,BUENAVISTA,23,CÓRDOBA,COR
23350,LA APARTADA,23,CÓRDOBA,COR
70678,SAN BENITO ABAD,70,SUCRE,SUC
70265,GUARANDA,70,SUCRE,SUC
70124,CAIMITO,70,SUCRE,SUC
70708,SAN MARCOS,70,SUCRE,SUC
13458,MONTECRISTO,13,BOLÍVAR,BOL
13655,SAN JACINTO DEL CAUCA,13,BOLÍVAR,BOL
25394,LA PALMA,25,CUNDINAMARCA,CUN
25398,LA PEÑA,25,CUNDINAMARCA,CUN
25491,NOCAIMA,25,CUNDINAMARCA,CUN
25168,CHAGUANÍ,25,CUNDINAMARCA,CUN
25867,VIANÍ,25,CUNDINAMARCA,CUN
25095,BITUIMA,25,CUNDINAMARCA,CUN
25086,BELTRÁN,25,CUNDINAMARCA,CUN
25580,PULÍ,25,CUNDINAMARCA,CUN
25368,JERUSALÉN,25,CUNDINAMARCA,CUN
25324,GUATAQUÍ,25,CUNDINAMARCA,CUN
25815,TOCAIMA,25,CUNDINAMARCA,CUN
25483,NARIÑO,25,CUNDINAMARCA,CUN
25307,GIRARDOT,25,CUNDINAMARCA,CUN
25612,RICAURTE,25,CUNDINAMARCA,CUN
25488,NILO,25,CUNDINAMARCA,CUN
25001,AGUA DE DIOS,25,CUNDINAMARCA,CUN
25599,APULO,25,CUNDINAMARCA,CUN
25743,SILVANIA,25,CUNDINAMARCA,CUN
25524,PANDI,25,CUNDINAMARCA,CUN
25506,VENECIA,25,CUNDINAMARCA,CUN
25312,GRANADA,25,CUNDINAMARCA,CUN
25645,SAN ANTONIO DEL TEQUENDAMA,25,CUNDINAMARCA,CUN
25386,LA MESA,25,CUNDINAMARCA,CUN
25797,TENA,25,CUNDINAMARCA,CUN
25040,ANOLAIMA,25,CUNDINAMARCA,CUN
25328,GUAYABAL DE SÍQUIMA,25,CUNDINAMARCA,CUN
25019,ALBÁN,25,CUNDINAMARCA,CUN
73319,GUAMO,73,TOLIMA,TOL
73268,ESPINAL,73,TOLIMA,TOL
17867,VICTORIA,17,CALDAS,CLD
17873,VILLAMARÍA,17,CALDAS,CLD
5591,PUERTO TRIUNFO,05,ANTIOQUIA,ANT
5652,SAN FRANCISCO,05,ANTIOQUIA,ANT
5660,SAN LUIS,05,ANTIOQUIA,ANT
5313,GRANADA,05,ANTIOQUIA,ANT
5321,GUATAPÉ,05,ANTIOQUIA,ANT
5142,CARACOLÍ,05,ANTIOQUIA,ANT
70400,LA UNIÓN,70,SUCRE,SUC
25885,YACOPÍ,25,CUNDINAMARCA,CUN
25878,VIOTÁ,25,CUNDINAMARCA,CUN
25898,ZIPACÓN,25,CUNDINAMARCA,CUN
41206,COLOMBIA,41,HUILA,HUI
41078,BARAYA,41,HUILA,HUI
41799,TELLO,41,HUILA,HUI
41524,PALERMO,41,HUILA,HUI
41615,RIVERA,41,HUILA,HUI
41349,HOBO,41,HUILA,HUI
41020,ALGECIRAS,41,HUILA,HUI
73349,HONDA,73,TOLIMA,TOL
73055,ARMERO (Guayabal),73,TOLIMA,TOL
73270,FALAN,73,TOLIMA,TOL
73686,SANTA ISABEL,73,TOLIMA,TOL
73001,IBAGUÉ,73,TOLIMA,TOL
73624,ROVIRA,73,TOLIMA,TOL
73124,CAJAMARCA,73,TOLIMA,TOL
73483,NATAGAIMA,73,TOLIMA,TOL
73024,ALPUJARRA,73,TOLIMA,TOL
73236,DOLORES,73,TOLIMA,TOL
73563,PRADO,73,TOLIMA,TOL
73585,PURIFICACIÓN,73,TOLIMA,TOL
73504,ORTEGA,73,TOLIMA,TOL
73770,SUÁREZ,73,TOLIMA,TOL
73678,SAN LUIS,73,TOLIMA,TOL
73148,CARMEN DE APICALÁ,73,TOLIMA,TOL
73449,MELGAR,73,TOLIMA,TOL
17380,LA DORADA,17,CALDAS,CLD
17444,MARQUETALIA,17,CALDAS,CLD
17433,MANZANARES,17,CALDAS,CLD
17446,MARULANDA,17,CALDAS,CLD
5148,CARMEN DE VIBORAL,05,ANTIOQUIA,ANT
5615,RIONEGRO,05,ANTIOQUIA,ANT
5440,MARINILLA,05,ANTIOQUIA,ANT
5541,PEÑOL,05,ANTIOQUIA,ANT
5206,CONCEPCIÓN,05,ANTIOQUIA,ANT
5674,SAN VICENTE,05,ANTIOQUIA,ANT
5038,ANGOSTURA,05,ANTIOQUIA,ANT
5887,YARUMAL,05,ANTIOQUIA,ANT
5154,CAUCASIA,05,ANTIOQUIA,ANT
5120,CÁCERES,05,ANTIOQUIA,ANT
5790,TARAZÁ,05,ANTIOQUIA,ANT
23189,CIÉNAGA DE ORO,23,CÓRDOBA,COR
23580,PUERTO LIBERTADOR,23,CÓRDOBA,COR
23682,SAN JOSÉ DE URÉ,23,CÓRDOBA,COR
19455,MIRANDA,19,CAUCA,CAU
19212,CORINTO,19,CAUCA,CAU
19573,PUERTO TEJADA,19,CAUCA,CAU
19845,VILLA RICA,19,CAUCA,CAU
19142,CALOTO,19,CAUCA,CAU
19821,TORIBÍO,19,CAUCA,CAU
19364,JAMBALÓ,19,CAUCA,CAU
19137,CALDONO,19,CAUCA,CAU
19743,SILVIA,19,CAUCA,CAU
19698,SANTANDER DE QUILICHAO,19,CAUCA,CAU
19824,TOTORÓ,19,CAUCA,CAU
19355,INZÁ,19,CAUCA,CAU
19513,PADILLA,19,CAUCA,CAU
76243,EL AGUILA,76,VALLE DEL CAUCA,VDC
76041,ANSERMANUEVO,76,VALLE DEL CAUCA,VDC
76246,EL CAIRO,76,VALLE DEL CAUCA,VDC
76054,ARGELIA,76,VALLE DEL CAUCA,VDC
76147,CARTAGO,76,VALLE DEL CAUCA,VDC
76020,ALCALÁ,76,VALLE DEL CAUCA,VDC
76497,OBANDO,76,VALLE DEL CAUCA,VDC
76823,TORO,76,VALLE DEL CAUCA,VDC
76863,VERSALLES,76,VALLE DEL CAUCA,VDC
76250,EL DOVIO,76,VALLE DEL CAUCA,VDC
76400,LA UNIÓN,76,VALLE DEL CAUCA,VDC
76622,ROLDANILLO,76,VALLE DEL CAUCA,VDC
76403,LA VICTORIA,76,VALLE DEL CAUCA,VDC
76895,ZARZAL,76,VALLE DEL CAUCA,VDC
76122,CAICEDONIA,76,VALLE DEL CAUCA,VDC
76113,BUGALAGRANDE,76,VALLE DEL CAUCA,VDC
76036,ANDALUCÍA,76,VALLE DEL CAUCA,VDC
76100,BOLÍVAR,76,VALLE DEL CAUCA,VDC
76828,TRUJILLO,76,VALLE DEL CAUCA,VDC
76616,RIOFRÍO,76,VALLE DEL CAUCA,VDC
76834,TULUÁ,76,VALLE DEL CAUCA,VDC
76670,SAN PEDRO,76,VALLE DEL CAUCA,VDC
76111,BUGA,76,VALLE DEL CAUCA,VDC
76890,YOTOCO,76,VALLE DEL CAUCA,VDC
76869,VIJES,76,VALLE DEL CAUCA,VDC
76318,GUACARÍ,76,VALLE DEL CAUCA,VDC
76306,GINEBRA,76,VALLE DEL CAUCA,VDC
76248,EL CERRITO,76,VALLE DEL CAUCA,VDC
76520,PALMIRA,76,VALLE DEL CAUCA,VDC
76130,CANDELARIA,76,VALLE DEL CAUCA,VDC
76275,FLORIDA,76,VALLE DEL CAUCA,VDC
76892,YUMBO,76,VALLE DEL CAUCA,VDC
19300,GUACHENÉ,19,CAUCA,CAU
41801,TERUEL,41,HUILA,HUI
41483,NÁTAGA,41,HUILA,HUI
41518,PAICOL,41,HUILA,HUI
73168,CHAPARRAL,73,TOLIMA,TOL
73616,RIOBLANCO,73,TOLIMA,TOL
63470,MONTENEGRO,63,QUINDIO,QND
63401,LA TEBAIDA,63,QUINDIO,QND
63548,PIJAO,63,QUINDIO,QND
63302,GÉNOVA,63,QUINDIO,QND
66682,SANTA ROSA DE CABAL,66,RISARALDA,RIS
66170,DOSQUEBRADAS,66,RISARALDA,RIS
66440,MARSELLA,66,RISARALDA,RIS
66045,APÍA,66,RISARALDA,RIS
66594,QUINCHÍA,66,RISARALDA,RIS
27205,CONDOTO,27,CHOCÓ,CHO
27073,BAGADÓ,27,CHOCÓ,CHO
27245,EL CARMEN,27,CHOCÓ,CHO
27580,RÍO IRÓ (Santa Rita),27,CHOCÓ,CHO
17877,VITERBO,17,CALDAS,CLD
17042,ANSERMA,17,CALDAS,CLD
17272,FILADELFIA,17,CALDAS,CLD
17777,SUPÍA,17,CALDAS,CLD
17388,LA MERCED,17,CALDAS,CLD
5364,JARDÍN,05,ANTIOQUIA,ANT
5034,ANDES,05,ANTIOQUIA,ANT
5368,JERICÓ,05,ANTIOQUIA,ANT
5576,PUEBLORRICO,05,ANTIOQUIA,ANT
5353,HISPANIA,05,ANTIOQUIA,ANT
5789,TÁMESIS,05,ANTIOQUIA,ANT
5390,LA PINTADA,05,ANTIOQUIA,ANT
5679,SANTA BÁRBARA,05,ANTIOQUIA,ANT
5282,FREDONIA,05,ANTIOQUIA,ANT
5861,VENECIA,05,ANTIOQUIA,ANT
5642,SALGAR,05,ANTIOQUIA,ANT
5209,CONCORDIA,05,ANTIOQUIA,ANT
5809,TITIRIBÍ,05,ANTIOQUIA,ANT
5030,AMAGÁ,05,ANTIOQUIA,ANT
5036,ANGELÓPOLIS,05,ANTIOQUIA,ANT
5129,CALDAS,05,ANTIOQUIA,ANT
5631,SABANETA,05,ANTIOQUIA,ANT
5380,LA ESTRELLA,05,ANTIOQUIA,ANT
5266,ENVIGADO,05,ANTIOQUIA,ANT
5607,RETIRO,05,ANTIOQUIA,ANT
5212,COPACABANA,05,ANTIOQUIA,ANT
5088,BELLO,05,ANTIOQUIA,ANT
5664,SAN PEDRO,05,ANTIOQUIA,ANT
5125,CAICEDO,05,ANTIOQUIA,ANT
5847,URRAO,05,ANTIOQUIA,ANT
5284,FRONTINO,05,ANTIOQUIA,ANT
5004,ABRIAQUÍ,05,ANTIOQUIA,ANT
5411,LIBORINA,05,ANTIOQUIA,ANT
5086,BELMIRA,05,ANTIOQUIA,ANT
5264,ENTRERRIOS,05,ANTIOQUIA,ANT
5658,SAN JOSÉ DE LA MONTAÑA,05,ANTIOQUIA,ANT
5647,SAN ANDRÉS,05,ANTIOQUIA,ANT
5628,SABANALARGA,05,ANTIOQUIA,ANT
5113,BURITICÁ,05,ANTIOQUIA,ANT
5138,CAÑASGORDAS,05,ANTIOQUIA,ANT
5842,URAMITA,05,ANTIOQUIA,ANT
5543,PEQUE,05,ANTIOQUIA,ANT
5819,TOLEDO,05,ANTIOQUIA,ANT
5361,ITUANGO,05,ANTIOQUIA,ANT
5107,BRICEÑO,05,ANTIOQUIA,ANT
5665,SAN PEDRO DE URABÁ,05,ANTIOQUIA,ANT
23807,TIERRALTA,23,CÓRDOBA,COR
23855,VALENCIA,23,CÓRDOBA,COR
23678,SAN CARLOS,23,CÓRDOBA,COR
23555,PLANETA RICA,23,CÓRDOBA,COR
23466,MONTELÍBANO,23,CÓRDOBA,COR
76563,PRADERA,76,VALLE DEL CAUCA,VDC
63690,SALENTO,63,QUINDIO,QND
63111,BUENAVISTA,63,QUINDIO,QND
66400,LA VIRGINIA,66,RISARALDA,RIS
66075,BALBOA,66,RISARALDA,RIS
27787,TADÓ,27,CHOCÓ,CHO
17088,BELALCÁZAR,17,CALDAS,CLD
17442,MARMATO,17,CALDAS,CLD
17486,NEIRA,17,CALDAS,CLD
17174,CHINCHINÁ,17,CALDAS,CLD
17524,PALESTINA,17,CALDAS,CLD
5145,CARAMANTA,05,ANTIOQUIA,ANT
5856,VALPARAÍSO,05,ANTIOQUIA,ANT
5467,MONTEBELLO,05,ANTIOQUIA,ANT
5792,TARSO,05,ANTIOQUIA,ANT
5101,CIUDAD BOLÍVAR,05,ANTIOQUIA,ANT
5091,BETANIA,05,ANTIOQUIA,ANT
5093,BETULIA,05,ANTIOQUIA,ANT
5347,HELICONIA,05,ANTIOQUIA,ANT
5059,ARMENIA,05,ANTIOQUIA,ANT
5306,GIRALDO,05,ANTIOQUIA,ANT
5501,OLAYA,05,ANTIOQUIA,ANT
23162,CERETÉ,23,CÓRDOBA,COR
19517,PÁEZ (Belalcázar),19,CAUCA,CAU
76845,ULLOA,76,VALLE DEL CAUCA,VDC
76736,SEVILLA,76,VALLE DEL CAUCA,VDC
41676,SANTA MARÍA,41,HUILA,HUI
41885,YAGUARÁ,41,HUILA,HUI
41357,ÍQUIRA,41,HUILA,HUI
41306,GIGANTE,41,HUILA,HUI
41797,TESALIA,41,HUILA,HUI
73622,RONCESVALLES,73,TOLIMA,TOL
73675,SAN ANTONIO,73,TOLIMA,TOL
73555,PLANADAS,73,TOLIMA,TOL
73067,ATACO,73,TOLIMA,TOL
63272,FILANDIA,63,QUINDIO,QND
63190,CIRCASIA,63,QUINDIO,QND
63594,QUIMBAYA,63,QUINDIO,QND
63001,ARMENIA,63,QUINDIO,QND
63130,CALARCÁ,63,QUINDIO,QND
63212,CÓRDOBA,63,QUINDIO,QND
66001,PEREIRA,66,RISARALDA,RIS
66383,LA CELIA,66,RISARALDA,RIS
66687,SANTUARIO,66,RISARALDA,RIS
66088,BELÉN DE UMBRÍA,66,RISARALDA,RIS
66572,PUEBLO RICO,66,RISARALDA,RIS
66456,MISTRATÓ,66,RISARALDA,RIS
66318,GUÁTICA,66,RISARALDA,RIS
27660,SAN JOSÉ DEL PALMAR,27,CHOCÓ,CHO
27413,LLORÓ,27,CHOCÓ,CHO
17665,SAN JOSÉ,17,CALDAS,CLD
17616,RISARALDA,17,CALDAS,CLD
17614,RIOSUCIO,17,CALDAS,CLD
17001,MANIZALES,17,CALDAS,CLD
5360,ITAGÜÍ,05,ANTIOQUIA,ANT
5001,MEDELLÍN,05,ANTIOQUIA,ANT
5240,EBÉJICO,05,ANTIOQUIA,ANT
5044,ANZÁ,05,ANTIOQUIA,ANT
5042,SANTA FE DE ANTIOQUIA,05,ANTIOQUIA,ANT
5656,SAN JERÓNIMO,05,ANTIOQUIA,ANT
5761,SOPETRÁN,05,ANTIOQUIA,ANT
5234,DABEIBA,05,ANTIOQUIA,ANT
5480,MUTATÁ,05,ANTIOQUIA,ANT
5659,SAN JUAN DE URABÁ,05,ANTIOQUIA,ANT
5051,ARBOLETES,05,ANTIOQUIA,ANT
23001,MONTERÍA,23,CÓRDOBA,COR
23419,LOS CÓRDOBAS,23,CÓRDOBA,COR
23090,CANALETE,23,CÓRDOBA,COR
23686,SAN PELAYO,23,CÓRDOBA,COR
70221,COVEÑAS,70,SUCRE,SUC
70523,PALMITO,70,SUCRE,SUC
70820,TOLÚ,70,SUCRE,SUC
70713,SAN ONOFRE,70,SUCRE,SUC
70473,MORROA,70,SUCRE,SUC
70418,LOS PALMITOS,70,SUCRE,SUC
13001,CARTAGENA DE INDIAS (Distrito Turístico y Cultural),13,BOLÍVAR,BOL
13673,SANTA CATALINA,13,BOLÍVAR,BOL
13300,HATILLO DE LOBA,13,BOLÍVAR,BOL
8372,JUAN DE ACOSTA,08,ATLANTICO,ATL
8573,PUERTO COLOMBIA,08,ATLANTICO,ATL
8001,"BARRANQUILLA (Distrito Especial, Industrial y Portuario)",08,ATLANTICO,ATL
8685,SANTO TOMÁS,08,ATLANTICO,ATL
8520,PALMAR DE VARELA,08,ATLANTICO,ATL
8560,PONEDERA,08,ATLANTICO,ATL
8549,PIOJÓ,08,ATLANTICO,ATL
8832,TUBARÁ,08,ATLANTICO,ATL
44090,DIBULLA,44,LA GUAJIRA,GJR
44650,SAN JUAN DEL CESAR,44,LA GUAJIRA,GJR
44420,LA JAGUA DEL PILAR,44,LA GUAJIRA,GJR
47745,SITIONUEVO,47,MAGDALENA,MAG
47570,PUEBLOVIEJO,47,MAGDALENA,MAG
47189,CIÉNAGA,47,MAGDALENA,MAG
47001,SANTA MARTA (Distrito Turístico Cultural e Histórico),47,MAGDALENA,MAG
47288,FUNDACIÓN,47,MAGDALENA,MAG
47030,ALGARROBO,47,MAGDALENA,MAG
47660,SABANAS DE SAN ÁNGEL (San Ángel),47,MAGDALENA,MAG
47268,EL RETÉN,47,MAGDALENA,MAG
47551,PIVIJAY,47,MAGDALENA,MAG
47053,ARACATACA,47,MAGDALENA,MAG
20621,LA PAZ,20,CESAR,CES
20443,MANAURE BALCÓN DEL CESAR,20,CESAR,CES
20013,AGUSTÍN CODAZZI,20,CESAR,CES
20238,EL COPEY,20,CESAR,CES
20045,BECERRIL,20,CESAR,CES
20400,LA JAGUA DE IBIRICO,20,CESAR,CES
20178,CHIRIGUANÁ,20,CESAR,CES
20228,CURUMANÍ,20,CESAR,CES
27099,BOJAYÁ (Bellavista),27,CHOCÓ,CHO
19548,PIENDAMÓ,19,CAUCA,CAU
19110,BUENOS AIRES,19,CAUCA,CAU
19780,SUÁREZ,19,CAUCA,CAU
19473,MORALES,19,CAUCA,CAU
19130,CAJIBÍO,19,CAUCA,CAU
19001,POPAYÁN,19,CAUCA,CAU
19256,EL TAMBO,19,CAUCA,CAU
19807,TIMBÍO,19,CAUCA,CAU
76126,CALIMA (El Darién),76,VALLE DEL CAUCA,VDC
76606,RESTREPO,76,VALLE DEL CAUCA,VDC
76001,CALI,76,VALLE DEL CAUCA,VDC
76233,DAGUA,76,VALLE DEL CAUCA,VDC
76377,LA CUMBRE,76,VALLE DEL CAUCA,VDC
76364,JAMUNDÍ,76,VALLE DEL CAUCA,VDC
27745,SIPÍ,27,CHOCÓ,CHO
27491,NÓVITA,27,CHOCÓ,CHO
27450,MEDIO SAN JUAN (Andagoya),27,CHOCÓ,CHO
27361,ISTMINA,27,CHOCÓ,CHO
27160,CERTEGUI,27,CHOCÓ,CHO
27135,EL CANTÓN DEL SAN PABLO,27,CHOCÓ,CHO
27600,RÍO QUITO (Paimadó),27,CHOCÓ,CHO
27430,MEDIO BAUDÓ (Boca de Pepé),27,CHOCÓ,CHO
5873,VIGÍA DEL FUERTE,05,ANTIOQUIA,ANT
5172,CHIGORODÓ,05,ANTIOQUIA,ANT
5045,APARTADÓ,05,ANTIOQUIA,ANT
5147,CAREPA,05,ANTIOQUIA,ANT
23417,LORICA,23,CÓRDOBA,COR
23586,PURÍSIMA,23,CÓRDOBA,COR
70204,COLOSÓ,70,SUCRE,SUC
70230,CHALÁN,70,SUCRE,SUC
70508,OVEJAS,70,SUCRE,SUC
70823,TOLUVIEJO,70,SUCRE,SUC
70001,SINCELEJO,70,SUCRE,SUC
70215,COROZAL,70,SUCRE,SUC
70702,SAN JUAN DE BETULIA,70,SUCRE,SUC
70742,SINCÉ,70,SUCRE,SUC
70110,BUENAVISTA,70,SUCRE,SUC
70717,SAN PEDRO,70,SUCRE,SUC
70235,GALERAS,70,SUCRE,SUC
70233,EL ROBLE,70,SUCRE,SUC
70670,SAMPUÉS,70,SUCRE,SUC
13222,CLEMENCIA,13,BOLÍVAR,BOL
13683,SANTA ROSA,13,BOLÍVAR,BOL
13873,VILLANUEVA,13,BOLÍVAR,BOL
13647,SAN ESTANISLAO,13,BOLÍVAR,BOL
13760,SOPLAVIENTO,13,BOLÍVAR,BOL
13433,MAHATES,13,BOLÍVAR,BOL
13052,ARJONA,13,BOLÍVAR,BOL
13836,TURBACO,13,BOLÍVAR,BOL
13838,TURBANA,13,BOLÍVAR,BOL
13442,MARIA LA BAJA,13,BOLÍVAR,BOL
13657,SAN JUAN NEPOMUCENO,13,BOLÍVAR,BOL
13654,SAN JACINTO,13,BOLÍVAR,BOL
13244,EL CARMEN DE BOLÍVAR,13,BOLÍVAR,BOL
13894,ZAMBRANO,13,BOLÍVAR,BOL
13212,CÓRDOBA,13,BOLÍVAR,BOL
13430,MAGANGUÉ,13,BOLÍVAR,BOL
13780,TALAIGUA NUEVO,13,BOLÍVAR,BOL
13188,CICUCO,13,BOLÍVAR,BOL
13468,MOMPÓS,13,BOLÍVAR,BOL
13650,SAN FERNANDO,13,BOLÍVAR,BOL
13300,JURISDICCIÓN DE HATILLO DE LOBA,13,BOLÍVAR,BOL
13620,SAN CRISTÓBAL,13,BOLÍVAR,BOL
13062,ARROYOHONDO,13,BOLÍVAR,BOL
13140,CALAMAR,13,BOLÍVAR,BOL
13440,MARGARITA,13,BOLÍVAR,BOL
8296,GALAPA,08,ATLANTICO,ATL
8758,SOLEDAD,08,ATLANTICO,ATL
8433,MALAMBO,08,ATLANTICO,ATL
8078,BARANOA,08,ATLANTICO,ATL
8558,POLONUEVO,08,ATLANTICO,ATL
8634,SABANAGRANDE,08,ATLANTICO,ATL
8638,SABANALARGA,08,ATLANTICO,ATL
8141,CANDELARIA,08,ATLANTICO,ATL
8436,MANATÍ,08,ATLANTICO,ATL
8137,CAMPO DE LA CRUZ,08,ATLANTICO,ATL
8770,SUAN,08,ATLANTICO,ATL
8606,REPELÓN,08,ATLANTICO,ATL
8421,LURUACO,08,ATLANTICO,ATL
8849,USIACURÍ,08,ATLANTICO,ATL
47605,REMOLINO,47,MAGDALENA,MAG
47460,NUEVA GRANADA (Granada),47,MAGDALENA,MAG
47170,CHIVOLO,47,MAGDALENA,MAG
47960,ZAPAYÁN (Punta de Piedras),47,MAGDALENA,MAG
47161,CERRO DE SAN ANTONIO,47,MAGDALENA,MAG
47798,TENERIFE,47,MAGDALENA,MAG
47555,PLATO,47,MAGDALENA,MAG
47720,SANTA BARBARA DE PINTO,47,MAGDALENA,MAG
47707,SANTA ANA,47,MAGDALENA,MAG
47703,SAN ZENÓN,47,MAGDALENA,MAG
47318,GUAMAL,47,MAGDALENA,MAG
47245,EL BANCO,47,MAGDALENA,MAG
47258,EL PIÑÓN,47,MAGDALENA,MAG
47675,SALAMINA,47,MAGDALENA,MAG
20570,PUEBLO BELLO,20,CESAR,CES
20001,VALLEDUPAR,20,CESAR,CES
20750,SAN DIEGO,20,CESAR,CES
20060,BOSCONIA,20,CESAR,CES
20250,EL PASO,20,CESAR,CES
20032,ASTREA,20,CESAR,CES
20175,CHIMICHAGUA,20,CESAR,CES
27050,ATRATO (Yuto),27,CHOCÓ,CHO
27810,UNIÓN PANAMERICANA (Ánimas),27,CHOCÓ,CHO
27425,MEDIO ATRATO (Beté),27,CHOCÓ,CHO
23464,MOMIL,23,CÓRDOBA,COR
23300,COTORRA,23,CÓRDOBA,COR
13248,EL GUAMO,13,BOLÍVAR,BOL
8675,SANTA LUCÍA,08,ATLANTICO,ATL
47980,ZONA BANANERA (Prado Sevilla),47,MAGDALENA,MAG
47058,ARIGUANÍ (El Difícil),47,MAGDALENA,MAG
47205,CONCORDIA,47,MAGDALENA,MAG
47545,PIJIÑO  DEL CARMEN,47,MAGDALENA,MAG
47692,SAN SEBASTIÁN DE BUENAVISTA,47,MAGDALENA,MAG
47541,PEDRAZA,47,MAGDALENA,MAG
20517,PAILITAS,20,CESAR,CES
88001,SAN ANDRÉS,88,"ARCHIPIÉLAGO DE SAN ANDRÉS, PROVIDENCIA Y SANTA CATALINA",SAP
88564,PROVIDENCIA Y SANTA CATALINA (Santa Isabel),88,"ARCHIPIÉLAGO DE SAN ANDRÉS, PROVIDENCIA Y SANTA CATALINA",SAP
88564,SANTA CATALINA,88,"ARCHIPIÉLAGO DE SAN ANDRÉS, PROVIDENCIA Y SANTA CATALINA",SAP
23815,TUCHÍN,23,CÓRDOBA,COR
19318,GUAPI,19,CAUCA,CAU
19809,TIMBIQUÍ,19,CAUCA,CAU
19418,LÓPEZ,19,CAUCA,CAU
76109,BUENAVENTURA,76,VALLE DEL CAUCA,VDC
52390,LA TOLA,52,NARIÑO,NAR
52473,MOSQUERA,52,NARIÑO,NAR
27250,EL LITORAL DEL SAN JUAN,27,CHOCÓ,CHO
27077,BAJO BAUDÓ  (Pizarro),27,CHOCÓ,CHO
27025,ALTO BAUDÓ (Pie de Pató),27,CHOCÓ,CHO
27495,NUQUÍ,27,CHOCÓ,CHO
27001,QUIBDÓ,27,CHOCÓ,CHO
27075,BAHÍA SOLANO (Mutis),27,CHOCÓ,CHO
27150,CARMEN DEL DARIÉN  (Curbaradó),27,CHOCÓ,CHO
27615,RIOSUCIO,27,CHOCÓ,CHO
27372,JURADÓ,27,CHOCÓ,CHO
27800,UNGUÍA,27,CHOCÓ,CHO
27006,ACANDÍ,27,CHOCÓ,CHO
5475,MURINDÓ,05,ANTIOQUIA,ANT
5837,TURBO,05,ANTIOQUIA,ANT
5490,NECOCLÍ,05,ANTIOQUIA,ANT
23574,PUERTO ESCONDIDO,23,CÓRDOBA,COR
23500,MOÑITOS,23,CÓRDOBA,COR
23675,SAN BERNARDO DEL VIENTO,23,CÓRDOBA,COR
23672,SAN ANTERO,23,CÓRDOBA,COR
23168,CHIMÁ,23,CÓRDOBA,COR
23670,SAN ANDRÉS DE SOTAVENTO,23,CÓRDOBA,COR
23182,CHINÚ,23,CÓRDOBA,COR
44001,RIOHACHA,44,LA GUAJIRA,GJR
44110,EL MOLINO,44,LA GUAJIRA,GJR
44874,VILLANUEVA,44,LA GUAJIRA,GJR
44855,URUMITA,44,LA GUAJIRA,GJR
44279,FONSECA,44,LA GUAJIRA,GJR
44078,BARRANCAS,44,LA GUAJIRA,GJR
44378,HATO NUEVO,44,LA GUAJIRA,GJR
44035,ALBANIA,44,LA GUAJIRA,GJR
44430,MAICAO,44,LA GUAJIRA,GJR
44847,URIBIA,44,LA GUAJIRA,GJR
44560,MANAURE,44,LA GUAJIRA,GJR
44098,DISTRACCIÓN,44,LA GUAJIRA,GJR
